sample_id;replicate;replicate_count;repeated_sample;batch;file_type;file_name;file_description;file_MD5;adjustment;content;header;annotation;configuration_file
ASAP156_PD_NP21-57_PFC_bulk;NA;1;NA;1;FASTQ;ASAP156_PD_NP21-57_PFC_bulk_R1.fastq.gz;Raw reads;662c0e24eb79aad79e40576b3163123f;raw;Reads;;;
ASAP156_PD_NP21-57_PFC_bulk;NA;1;NA;1;FASTQ;ASAP156_PD_NP21-57_PFC_bulk_R2.fastq.gz;Raw reads;2a61a42927284956273d5603dc29759d;raw;Reads;;;
ASAP157_PD_NP21-208_PFC_bulk;NA;1;NA;1;FASTQ;ASAP157_PD_NP21-208_PFC_bulk_R1.fastq.gz;Raw reads;398a9199b13285e60f1bf65ba0f7aa61;raw;Reads;;;
ASAP157_PD_NP21-208_PFC_bulk;NA;1;NA;1;FASTQ;ASAP157_PD_NP21-208_PFC_bulk_R2.fastq.gz;Raw reads;530637bbbc294a770339736002fa042a;raw;Reads;;;
ASAP158_PD_NP21-217_PFC_bulk;NA;1;NA;1;FASTQ;ASAP158_PD_NP21-217_PFC_bulk_R1.fastq.gz;Raw reads;6dffb01bab17ab3618abe104278a8d10;raw;Reads;;;
ASAP158_PD_NP21-217_PFC_bulk;NA;1;NA;1;FASTQ;ASAP158_PD_NP21-217_PFC_bulk_R2.fastq.gz;Raw reads;f83db73e72a7f0e7a88e67e96f08751a;raw;Reads;;;
ASAP159_ctrl_16-119_PFC_bulk;NA;1;NA;1;FASTQ;ASAP159_ctrl_16-119_PFC_bulk_R1.fastq.gz;Raw reads;f0e9adabf367bec55540ddc909d9bdc3;raw;Reads;;;
ASAP159_ctrl_16-119_PFC_bulk;NA;1;NA;1;FASTQ;ASAP159_ctrl_16-119_PFC_bulk_R2.fastq.gz;Raw reads;acecbfa63a9bbb9f1126b21930ca0847;raw;Reads;;;
ASAP160_ctrl_NP17-216_PFC_bulk;NA;1;NA;1;FASTQ;ASAP160_ctrl_NP17-216_PFC_bulk_R1.fastq.gz;Raw reads;1614be4609995ef817f7564cbbd159cc;raw;Reads;;;
ASAP160_ctrl_NP17-216_PFC_bulk;NA;1;NA;1;FASTQ;ASAP160_ctrl_NP17-216_PFC_bulk_R2.fastq.gz;Raw reads;5a62b4d2b891a81e8b80a41db5d52ba3;raw;Reads;;;
ASAP161_ctrl_NP18-46_PFC_bulk;NA;1;NA;1;FASTQ;ASAP161_ctrl_NP18-46_PFC_bulk_R1.fastq.gz;Raw reads;84b0b65df01228ce55005d06f8886055;raw;Reads;;;
ASAP161_ctrl_NP18-46_PFC_bulk;NA;1;NA;1;FASTQ;ASAP161_ctrl_NP18-46_PFC_bulk_R2.fastq.gz;Raw reads;a38517fb0beb16e98357146620e7d871;raw;Reads;;;
ASAP162_ctrl_NP18-148_PFC_bulk;NA;1;NA;1;FASTQ;ASAP162_ctrl_NP18-148_PFC_bulk_R1.fastq.gz;Raw reads;e8438d0c7da68e691648041ef8bb32de;raw;Reads;;;
ASAP162_ctrl_NP18-148_PFC_bulk;NA;1;NA;1;FASTQ;ASAP162_ctrl_NP18-148_PFC_bulk_R2.fastq.gz;Raw reads;6d43a68047aa3bd5212c24b021bc8e64;raw;Reads;;;
ASAP163_PD_NP21-208_PUT_bulk;NA;1;NA;1;FASTQ;ASAP163_PD_NP21-208_PUT_bulk_R1.fastq.gz;Raw reads;38f885b02c0fbd958abe2bf848f1e14b;raw;Reads;;;
ASAP163_PD_NP21-208_PUT_bulk;NA;1;NA;1;FASTQ;ASAP163_PD_NP21-208_PUT_bulk_R2.fastq.gz;Raw reads;8ee4d416df3266315038c3fe4854ef7d;raw;Reads;;;
ASAP164_PD_NP21-217_PUT_bulk;NA;1;NA;1;FASTQ;ASAP164_PD_NP21-217_PUT_bulk_R1.fastq.gz;Raw reads;aa1cfa9ef04d9d464a3a18af6a6dfcc8;raw;Reads;;;
ASAP164_PD_NP21-217_PUT_bulk;NA;1;NA;1;FASTQ;ASAP164_PD_NP21-217_PUT_bulk_R2.fastq.gz;Raw reads;4972814c7118a7969fe838b7a5b32667;raw;Reads;;;
ASAP165_ctrl_NP16-284_PFC_bulk;NA;1;NA;1;FASTQ;ASAP165_ctrl_NP16-284_PFC_bulk_R1.fastq.gz;Raw reads;88020f1931fbc721393f8cee646a45cf;raw;Reads;;;
ASAP165_ctrl_NP16-284_PFC_bulk;NA;1;NA;1;FASTQ;ASAP165_ctrl_NP16-284_PFC_bulk_R2.fastq.gz;Raw reads;bf457656c658f5fd167d5fc929af4a1c;raw;Reads;;;
ASAP166_ctrl_NP16-293_PFC_bulk;NA;1;NA;1;FASTQ;ASAP166_ctrl_NP16-293_PFC_bulk_R1.fastq.gz;Raw reads;625e394e5e21f3046e30aca2fc95561d;raw;Reads;;;
ASAP166_ctrl_NP16-293_PFC_bulk;NA;1;NA;1;FASTQ;ASAP166_ctrl_NP16-293_PFC_bulk_R2.fastq.gz;Raw reads;38a96b1280895192b9ebbb8d991950d0;raw;Reads;;;
ASAP167_ctrl_NP17-20_PFC_bulk;NA;1;NA;1;FASTQ;ASAP167_ctrl_NP17-20_PFC_bulk_R1.fastq.gz;Raw reads;42fd4dc4fcde77b0bff8b6f01053f725;raw;Reads;;;
ASAP167_ctrl_NP17-20_PFC_bulk;NA;1;NA;1;FASTQ;ASAP167_ctrl_NP17-20_PFC_bulk_R2.fastq.gz;Raw reads;4666a79b3699ad07d9093e29c19897ea;raw;Reads;;;
ASAP168_ctrl_NP16-284_PUT_bulk;NA;1;NA;1;FASTQ;ASAP168_ctrl_NP16-284_PUT_bulk_R1.fastq.gz;Raw reads;d411195bce7e97f43197516ea45098bb;raw;Reads;;;
ASAP168_ctrl_NP16-284_PUT_bulk;NA;1;NA;1;FASTQ;ASAP168_ctrl_NP16-284_PUT_bulk_R2.fastq.gz;Raw reads;c019c2459d875c34c7a67fa0a8f9342f;raw;Reads;;;
ASAP170_ctrl_NP17-20_PUT_bulk;NA;1;NA;1;FASTQ;ASAP170_ctrl_NP17-20_PUT_bulk_R1.fastq.gz;Raw reads;6174c8a7e2459aab9437cfb7e60adfbd;raw;Reads;;;
ASAP170_ctrl_NP17-20_PUT_bulk;NA;1;NA;1;FASTQ;ASAP170_ctrl_NP17-20_PUT_bulk_R2.fastq.gz;Raw reads;1ace5bf6d2a96dd7c43260e4ba8bab07;raw;Reads;;;
ASAP172_ctrl_NP18-46_PUT_bulk;NA;1;NA;1;FASTQ;ASAP172_ctrl_NP18-46_PUT_bulk_R1.fastq.gz;Raw reads;7666779503db1daade6b516f589d6ec5;raw;Reads;;;
ASAP172_ctrl_NP18-46_PUT_bulk;NA;1;NA;1;FASTQ;ASAP172_ctrl_NP18-46_PUT_bulk_R2.fastq.gz;Raw reads;622efc7c900b3760b2b2a1c6727d9770;raw;Reads;;;
ASAP173_PD_NP21-57_PUT_bulk;NA;1;NA;1;FASTQ;ASAP173_PD_NP21-57_PUT_bulk_R1.fastq.gz;Raw reads;76f9a04e65ab185df3c6505ba256c807;raw;Reads;;;
ASAP173_PD_NP21-57_PUT_bulk;NA;1;NA;1;FASTQ;ASAP173_PD_NP21-57_PUT_bulk_R2.fastq.gz;Raw reads;aaad87c1fb626ddf048de05bfa0d04fc;raw;Reads;;;
ASAP174_ctrl_NP16-119_PUT_bulk;NA;1;NA;1;FASTQ;ASAP174_ctrl_NP16-119_PUT_bulk_R1.fastq.gz;Raw reads;11ed16652179a550f16881614fa490d8;raw;Reads;;;
ASAP174_ctrl_NP16-119_PUT_bulk;NA;1;NA;1;FASTQ;ASAP174_ctrl_NP16-119_PUT_bulk_R2.fastq.gz;Raw reads;ce5770aa09d6feac29574f1e6a0f6459;raw;Reads;;;
ASAP175_ctrl_NP16-284_SN_bulk;NA;1;NA;1;FASTQ;ASAP175_ctrl_NP16-284_SN_bulk_R1.fastq.gz;Raw reads;71155fdea052299b4a8ed2aba5d048d3;raw;Reads;;;
ASAP175_ctrl_NP16-284_SN_bulk;NA;1;NA;1;FASTQ;ASAP175_ctrl_NP16-284_SN_bulk_R2.fastq.gz;Raw reads;c3566f3b99ced57a4d7bbee7aea0c66f;raw;Reads;;;
ASAP176_ctrl_NP18-148_PUT_bulk;NA;1;NA;1;FASTQ;ASAP176_ctrl_NP18-148_PUT_bulk_R1.fastq.gz;Raw reads;bda2cba03e8989183921777bed284648;raw;Reads;;;
ASAP176_ctrl_NP18-148_PUT_bulk;NA;1;NA;1;FASTQ;ASAP176_ctrl_NP18-148_PUT_bulk_R2.fastq.gz;Raw reads;6ef0c8b943ac0565fd8f8368cc73c58a;raw;Reads;;;
ASAP177_PD_NP21-57_SN_bulk;NA;1;NA;1;FASTQ;ASAP177_PD_NP21-57_SN_bulk_R1.fastq.gz;Raw reads;3e14a2afb36d195df59f95d1e50c63df;raw;Reads;;;
ASAP177_PD_NP21-57_SN_bulk;NA;1;NA;1;FASTQ;ASAP177_PD_NP21-57_SN_bulk_R2.fastq.gz;Raw reads;2367aa4115e6374751eb235840546f46;raw;Reads;;;
ASAP178_PD_NP21-208_SN_bulk;NA;1;NA;1;FASTQ;ASAP178_PD_NP21-208_SN_bulk_R1.fastq.gz;Raw reads;3e73f3176da96bc1048fbb31f9c1ae19;raw;Reads;;;
ASAP178_PD_NP21-208_SN_bulk;NA;1;NA;1;FASTQ;ASAP178_PD_NP21-208_SN_bulk_R2.fastq.gz;Raw reads;7bc4a41ab0b3dcacb7d923cae2f54eae;raw;Reads;;;
ASAP179_PD_NP21-217_SN_bulk;NA;1;NA;1;FASTQ;ASAP179_PD_NP21-217_SN_bulk_R1.fastq.gz;Raw reads;2b5ba3796c0f7bf03f4bf3b5b640794f;raw;Reads;;;
ASAP179_PD_NP21-217_SN_bulk;NA;1;NA;1;FASTQ;ASAP179_PD_NP21-217_SN_bulk_R2.fastq.gz;Raw reads;4577ef427fedb79e33e1d34ad8c9d413;raw;Reads;;;
ASAP180_ctrl_NP16-119_SN_bulk;NA;1;NA;1;FASTQ;ASAP180_ctrl_NP16-119_SN_bulk_R1.fastq.gz;Raw reads;9f38316cc9ca28ab2816bba0cdff82fe;raw;Reads;;;
ASAP180_ctrl_NP16-119_SN_bulk;NA;1;NA;1;FASTQ;ASAP180_ctrl_NP16-119_SN_bulk_R2.fastq.gz;Raw reads;dc53bc23b0ff66466d184d84b953382d;raw;Reads;;;
ASAP181_ctrl_NP16-293_SN_bulk;NA;1;NA;1;FASTQ;ASAP181_ctrl_NP16-293_SN_bulk_R1.fastq.gz;Raw reads;f4b55f0b1162f9f5aa6ded97da6d4a14;raw;Reads;;;
ASAP181_ctrl_NP16-293_SN_bulk;NA;1;NA;1;FASTQ;ASAP181_ctrl_NP16-293_SN_bulk_R2.fastq.gz;Raw reads;faafff761c8d284819d656d1c974503e;raw;Reads;;;
ASAP184_ctrl_NP18-148_SN_bulk;NA;1;NA;1;FASTQ;ASAP184_ctrl_NP18-148_SN_bulk_R1.fastq.gz;Raw reads;f44214a70f90b899295268d5f00fe68e;raw;Reads;;;
ASAP184_ctrl_NP18-148_SN_bulk;NA;1;NA;1;FASTQ;ASAP184_ctrl_NP18-148_SN_bulk_R2.fastq.gz;Raw reads;ab13689019ab940a8f0c0d6c6ae6bfe6;raw;Reads;;;
ASAP185_PD_NP21-217_AMY_bulk;NA;1;NA;1;FASTQ;ASAP185_PD_NP21-217_AMY_bulk_R1.fastq.gz;Raw reads;a51dfebabf5fe7c3d268417b7853034c;raw;Reads;;;
ASAP185_PD_NP21-217_AMY_bulk;NA;1;NA;1;FASTQ;ASAP185_PD_NP21-217_AMY_bulk_R2.fastq.gz;Raw reads;8099846b60a2cffb1f62bb493f541731;raw;Reads;;;
ASAP186_ctrl_NP16-119_AMY_bulk;NA;1;NA;1;FASTQ;ASAP186_ctrl_NP16-119_AMY_bulk_R1.fastq.gz;Raw reads;3dfce2c4158f727036f42b89b31dbd6e;raw;Reads;;;
ASAP186_ctrl_NP16-119_AMY_bulk;NA;1;NA;1;FASTQ;ASAP186_ctrl_NP16-119_AMY_bulk_R2.fastq.gz;Raw reads;139eaea70ec766569d5ce8daf911d684;raw;Reads;;;
ASAP188_ctrl_NP16-293_AMY_bulk;NA;1;NA;1;FASTQ;ASAP188_ctrl_NP16-293_AMY_bulk_R1.fastq.gz;Raw reads;aa060a716b9aa0edb6693ab21edebe17;raw;Reads;;;
ASAP188_ctrl_NP16-293_AMY_bulk;NA;1;NA;1;FASTQ;ASAP188_ctrl_NP16-293_AMY_bulk_R2.fastq.gz;Raw reads;4ffcb48022a7d266ac9fb7adb09fb1cb;raw;Reads;;;
ASAP189_ctrl_NP18-148_AMY_bulk;NA;1;NA;1;FASTQ;ASAP189_ctrl_NP18-148_AMY_bulk_R1.fastq.gz;Raw reads;f0b8303b6f0dbaea6686e1d3d2cf7c3a;raw;Reads;;;
ASAP189_ctrl_NP18-148_AMY_bulk;NA;1;NA;1;FASTQ;ASAP189_ctrl_NP18-148_AMY_bulk_R2.fastq.gz;Raw reads;3af63eef85cd4cf42ec0c0633b034ccb;raw;Reads;;;
ASAP190_PD_NP21-57_AMY_bulk;NA;1;NA;1;FASTQ;ASAP190_PD_NP21-57_AMY_bulk_R1.fastq.gz;Raw reads;50a92cfeca1a7cd2dd51bb4be3126594;raw;Reads;;;
ASAP190_PD_NP21-57_AMY_bulk;NA;1;NA;1;FASTQ;ASAP190_PD_NP21-57_AMY_bulk_R2.fastq.gz;Raw reads;f41ac2ec9b18547fe88fa70f41c9ba93;raw;Reads;;;
ASAP191_PD_NP21-208_AMY_bulk;NA;1;NA;1;FASTQ;ASAP191_PD_NP21-208_AMY_bulk_R1.fastq.gz;Raw reads;42f253e65fdf7a26a87aac58070a90c8;raw;Reads;;;
ASAP191_PD_NP21-208_AMY_bulk;NA;1;NA;1;FASTQ;ASAP191_PD_NP21-208_AMY_bulk_R2.fastq.gz;Raw reads;51fb34e521466fbbac43b7ec643b5f98;raw;Reads;;;
ASAP192_PD_NP22-55_PFC_bulk;NA;1;NA;1;FASTQ;ASAP192_PD_NP22-55_PFC_bulk_R1.fastq.gz;Raw reads;3cc0a556fffbbf3b92537fc376edecf5;raw;Reads;;;
ASAP192_PD_NP22-55_PFC_bulk;NA;1;NA;1;FASTQ;ASAP192_PD_NP22-55_PFC_bulk_R2.fastq.gz;Raw reads;c341276705054253296dd76dd7c0ceed;raw;Reads;;;
ASAP193_PD_NP22-55_PUT_bulk;NA;1;NA;1;FASTQ;ASAP193_PD_NP22-55_PUT_bulk_R1.fastq.gz;Raw reads;7c260f25dc21ca59891a6d975c7962f6;raw;Reads;;;
ASAP193_PD_NP22-55_PUT_bulk;NA;1;NA;1;FASTQ;ASAP193_PD_NP22-55_PUT_bulk_R2.fastq.gz;Raw reads;50ce1c74eab553d37f7b4665ca4b3b35;raw;Reads;;;
ASAP194_PD_NP22-55_SN_bulk;NA;1;NA;1;FASTQ;ASAP194_PD_NP22-55_SN_bulk_R1.fastq.gz;Raw reads;04f9d599fbb5a6b2b90e7be1177f38ab;raw;Reads;;;
ASAP194_PD_NP22-55_SN_bulk;NA;1;NA;1;FASTQ;ASAP194_PD_NP22-55_SN_bulk_R2.fastq.gz;Raw reads;81549cce9cea2a745c47168352818f5a;raw;Reads;;;
ASAP195_PD_NP22-55_AMY_bulk;NA;1;NA;1;FASTQ;ASAP195_PD_NP22-55_AMY_bulk_R1.fastq.gz;Raw reads;377b5d840dbe0d8cea664213821df8c8;raw;Reads;;;
ASAP195_PD_NP22-55_AMY_bulk;NA;1;NA;1;FASTQ;ASAP195_PD_NP22-55_AMY_bulk_R2.fastq.gz;Raw reads;59ee41ad38e9562440e8514e4ea93fc6;raw;Reads;;;
ASAP196_PD_NP16-285_AMY_bulk;NA;1;NA;1;FASTQ;ASAP196_PD_NP16-285_AMY_bulk_R1.fastq.gz;Raw reads;10cce558a1a861743e4a81dd2aeb2b63;raw;Reads;;;
ASAP196_PD_NP16-285_AMY_bulk;NA;1;NA;1;FASTQ;ASAP196_PD_NP16-285_AMY_bulk_R2.fastq.gz;Raw reads;8c6ee4afe633bd83d995a99f7e64fa72;raw;Reads;;;
ASAP199_ctrl_NP19-218_AMY_bulk;NA;1;NA;1;FASTQ;ASAP199_ctrl_NP19-218_AMY_bulk_R1.fastq.gz;Raw reads;7ea04905b351a9d2e2ac96d2c0224c62;raw;Reads;;;
ASAP199_ctrl_NP19-218_AMY_bulk;NA;1;NA;1;FASTQ;ASAP199_ctrl_NP19-218_AMY_bulk_R2.fastq.gz;Raw reads;e7c0bc22a84e52c46f26e0563fd5d262;raw;Reads;;;
ASAP200_ctrl_NP22-37_AMY_bulk;NA;1;NA;1;FASTQ;ASAP200_ctrl_NP22-37_AMY_bulk_R1.fastq.gz;Raw reads;aef1e7268b5b84a4e40447b5c144a12d;raw;Reads;;;
ASAP200_ctrl_NP22-37_AMY_bulk;NA;1;NA;1;FASTQ;ASAP200_ctrl_NP22-37_AMY_bulk_R2.fastq.gz;Raw reads;8372026dc111f1bfd8520884caab8f0a;raw;Reads;;;
ASAP201_ctrl_NP22-75_AMY_bulk;NA;1;NA;1;FASTQ;ASAP201_ctrl_NP22-75_AMY_bulk_R1.fastq.gz;Raw reads;4db29f9c291dd79caf5a7eee5e6bac31;raw;Reads;;;
ASAP201_ctrl_NP22-75_AMY_bulk;NA;1;NA;1;FASTQ;ASAP201_ctrl_NP22-75_AMY_bulk_R2.fastq.gz;Raw reads;5a34da59fdd1a7699509740528c178c8;raw;Reads;;;
ASAP202_PD_NP19-137_AMY_bulk;NA;1;NA;1;FASTQ;ASAP202_PD_NP19-137_AMY_bulk_R1.fastq.gz;Raw reads;0a327376ac8ba028a9786bb6e05431c4;raw;Reads;;;
ASAP202_PD_NP19-137_AMY_bulk;NA;1;NA;1;FASTQ;ASAP202_PD_NP19-137_AMY_bulk_R2.fastq.gz;Raw reads;ef2abac9e4a1302132596e5c2768f0ac;raw;Reads;;;
ASAP203_ctrl_NP19-218_SN_bulk;NA;1;NA;1;FASTQ;ASAP203_ctrl_NP19-218_SN_bulk_R1.fastq.gz;Raw reads;6cc055652d3f9cc2004adf63960474e3;raw;Reads;;;
ASAP203_ctrl_NP19-218_SN_bulk;NA;1;NA;1;FASTQ;ASAP203_ctrl_NP19-218_SN_bulk_R2.fastq.gz;Raw reads;0af3b70a122ed7c41911894e4b1fe8c2;raw;Reads;;;
ASAP204_PD_NP21-04_AMY_bulk;NA;1;NA;1;FASTQ;ASAP204_PD_NP21-04_AMY_bulk_R1.fastq.gz;Raw reads;1a0ad63920ee29693a6209eb1ad888af;raw;Reads;;;
ASAP204_PD_NP21-04_AMY_bulk;NA;1;NA;1;FASTQ;ASAP204_PD_NP21-04_AMY_bulk_R2.fastq.gz;Raw reads;4ac339a04d8749bf0659d4238a876cbe;raw;Reads;;;
ASAP206_ctrl_NP22-75_SN_bulk;NA;1;NA;1;FASTQ;ASAP206_ctrl_NP22-75_SN_bulk_R1.fastq.gz;Raw reads;62e95c717928d10f2b0296d00f246eab;raw;Reads;;;
ASAP206_ctrl_NP22-75_SN_bulk;NA;1;NA;1;FASTQ;ASAP206_ctrl_NP22-75_SN_bulk_R2.fastq.gz;Raw reads;f7ea0f0ed159a8a206c653a2b205a4f4;raw;Reads;;;
ASAP207_PD_NP23-21_AMY_bulk;NA;1;NA;1;FASTQ;ASAP207_PD_NP23-21_AMY_bulk_R1.fastq.gz;Raw reads;cdc968333a1e080e087c59bdfb5d37a3;raw;Reads;;;
ASAP207_PD_NP23-21_AMY_bulk;NA;1;NA;1;FASTQ;ASAP207_PD_NP23-21_AMY_bulk_R2.fastq.gz;Raw reads;db94e29b292d196f20f92b688964ee75;raw;Reads;;;
ASAP208_PD_NP16-285_SN_bulk;NA;1;NA;1;FASTQ;ASAP208_PD_NP16-285_SN_bulk_R1.fastq.gz;Raw reads;28810e269b3ff41f6cee3fd5417edea0;raw;Reads;;;
ASAP208_PD_NP16-285_SN_bulk;NA;1;NA;1;FASTQ;ASAP208_PD_NP16-285_SN_bulk_R2.fastq.gz;Raw reads;16a63a51e1d2ac499424ca0afe86cadb;raw;Reads;;;
ASAP209_PD_NP17-232_SN_bulk;NA;1;NA;1;FASTQ;ASAP209_PD_NP17-232_SN_bulk_R1.fastq.gz;Raw reads;7b21f76cb967989c8d43a150ecf4fa32;raw;Reads;;;
ASAP209_PD_NP17-232_SN_bulk;NA;1;NA;1;FASTQ;ASAP209_PD_NP17-232_SN_bulk_R2.fastq.gz;Raw reads;a29db643229085cf43efa30b38f19f75;raw;Reads;;;
ASAP210_PD_NP19-91_SN_bulk;NA;1;NA;1;FASTQ;ASAP210_PD_NP19-91_SN_bulk_R1.fastq.gz;Raw reads;da57c6a449db185ef887bb27829d24d0;raw;Reads;;;
ASAP210_PD_NP19-91_SN_bulk;NA;1;NA;1;FASTQ;ASAP210_PD_NP19-91_SN_bulk_R2.fastq.gz;Raw reads;0c56aea8f4cbaae9ee985397ee26dde1;raw;Reads;;;
ASAP211_PD_NP19-137_SN_bulk;NA;1;NA;1;FASTQ;ASAP211_PD_NP19-137_SN_bulk_R1.fastq.gz;Raw reads;d71a728b2da4fd19ac119008642e9d23;raw;Reads;;;
ASAP211_PD_NP19-137_SN_bulk;NA;1;NA;1;FASTQ;ASAP211_PD_NP19-137_SN_bulk_R2.fastq.gz;Raw reads;14cb4ce938d692c2d8acf41604aeed42;raw;Reads;;;
ASAP212_PD_NP21-04_SN_bulk;NA;1;NA;1;FASTQ;ASAP212_PD_NP21-04_SN_bulk_R1.fastq.gz;Raw reads;c72b01d9906c060cf7b6f33ee4a40c55;raw;Reads;;;
ASAP212_PD_NP21-04_SN_bulk;NA;1;NA;1;FASTQ;ASAP212_PD_NP21-04_SN_bulk_R2.fastq.gz;Raw reads;5a7c62431c8ff16c53bc3dc748fdee40;raw;Reads;;;
ASAP214_PD_NP16-285_PUT_bulk;NA;1;NA;1;FASTQ;ASAP214_PD_NP16-285_PUT_bulk_R1.fastq.gz;Raw reads;f9f2dc96e340f585d3e9a2e1154636e8;raw;Reads;;;
ASAP214_PD_NP16-285_PUT_bulk;NA;1;NA;1;FASTQ;ASAP214_PD_NP16-285_PUT_bulk_R2.fastq.gz;Raw reads;a5bc4b63eed5c05debc25a78e6b20b54;raw;Reads;;;
ASAP215_PD_NP17-232_PUT_bulk;NA;1;NA;1;FASTQ;ASAP215_PD_NP17-232_PUT_bulk_R1.fastq.gz;Raw reads;a84ac209d3b4e6bb97b00b277a7db63d;raw;Reads;;;
ASAP215_PD_NP17-232_PUT_bulk;NA;1;NA;1;FASTQ;ASAP215_PD_NP17-232_PUT_bulk_R2.fastq.gz;Raw reads;5a0d7dbacfed4562b3844a3a90ce9d31;raw;Reads;;;
ASAP216_PD_NP19-91_PUT_bulk;NA;1;NA;1;FASTQ;ASAP216_PD_NP19-91_PUT_bulk_R1.fastq.gz;Raw reads;398989a5df1e2fc38bce705aea7c1965;raw;Reads;;;
ASAP216_PD_NP19-91_PUT_bulk;NA;1;NA;1;FASTQ;ASAP216_PD_NP19-91_PUT_bulk_R2.fastq.gz;Raw reads;7bbbc43ef2dfca06e6354b0c11f16c40;raw;Reads;;;
ASAP217_ctrl_NP19-218_PUT_bulk;NA;1;NA;1;FASTQ;ASAP217_ctrl_NP19-218_PUT_bulk_R1.fastq.gz;Raw reads;9cd89dc0b18f1a0efb4365d6a4eaef57;raw;Reads;;;
ASAP217_ctrl_NP19-218_PUT_bulk;NA;1;NA;1;FASTQ;ASAP217_ctrl_NP19-218_PUT_bulk_R2.fastq.gz;Raw reads;3c554560a1cc191fad5d53752c6cd67f;raw;Reads;;;
ASAP218_ctrl_NP22-37_PUT_bulk;NA;1;NA;1;FASTQ;ASAP218_ctrl_NP22-37_PUT_bulk_R1.fastq.gz;Raw reads;96825a04d3f7c2839da5261c746bc33c;raw;Reads;;;
ASAP218_ctrl_NP22-37_PUT_bulk;NA;1;NA;1;FASTQ;ASAP218_ctrl_NP22-37_PUT_bulk_R2.fastq.gz;Raw reads;f94f416ba679ac6cdaa53a1fe97d89f4;raw;Reads;;;
ASAP219_ctrl_NP22-75_PUT_bulk;NA;1;NA;1;FASTQ;ASAP219_ctrl_NP22-75_PUT_bulk_R1.fastq.gz;Raw reads;00afadfee621e741aa267e454d72934a;raw;Reads;;;
ASAP219_ctrl_NP22-75_PUT_bulk;NA;1;NA;1;FASTQ;ASAP219_ctrl_NP22-75_PUT_bulk_R2.fastq.gz;Raw reads;ddbd20389e3551ea57ac7809cdb752e2;raw;Reads;;;
ASAP220_PD_NP19-137_PUT_bulk;NA;1;NA;1;FASTQ;ASAP220_PD_NP19-137_PUT_bulk_R1.fastq.gz;Raw reads;2746eb895c69238c099feb686956f247;raw;Reads;;;
ASAP220_PD_NP19-137_PUT_bulk;NA;1;NA;1;FASTQ;ASAP220_PD_NP19-137_PUT_bulk_R2.fastq.gz;Raw reads;1070107c9863577c49fb1adc3bd648aa;raw;Reads;;;
ASAP221_ctrl_NP19-218_PFC_bulk;NA;1;NA;1;FASTQ;ASAP221_ctrl_NP19-218_PFC_bulk_R1.fastq.gz;Raw reads;251a6b48a274c0aa45796bf44ed6d8ea;raw;Reads;;;
ASAP221_ctrl_NP19-218_PFC_bulk;NA;1;NA;1;FASTQ;ASAP221_ctrl_NP19-218_PFC_bulk_R2.fastq.gz;Raw reads;68111c3f31b7f6c794d55432bf6403ef;raw;Reads;;;
ASAP222_PD_NP21-04_PUT_bulk;NA;1;NA;1;FASTQ;ASAP222_PD_NP21-04_PUT_bulk_R1.fastq.gz;Raw reads;fc1c02c93e21a9b3e2d46ee08e2fdc0d;raw;Reads;;;
ASAP222_PD_NP21-04_PUT_bulk;NA;1;NA;1;FASTQ;ASAP222_PD_NP21-04_PUT_bulk_R2.fastq.gz;Raw reads;ed4d9a5e0ed00d0c84a273242170aa20;raw;Reads;;;
ASAP223_ctrl_NP22-37_PFC_bulk;NA;1;NA;1;FASTQ;ASAP223_ctrl_NP22-37_PFC_bulk_R1.fastq.gz;Raw reads;1575561e48032254da9d335b79cb77b2;raw;Reads;;;
ASAP223_ctrl_NP22-37_PFC_bulk;NA;1;NA;1;FASTQ;ASAP223_ctrl_NP22-37_PFC_bulk_R2.fastq.gz;Raw reads;0bfae6df9ce3acc365d472c6dab82814;raw;Reads;;;
ASAP224_ctrl_NP22-75_PFC_bulk;NA;1;NA;1;FASTQ;ASAP224_ctrl_NP22-75_PFC_bulk_R1.fastq.gz;Raw reads;0e2cfa3ab427ad423157331dcccb9c02;raw;Reads;;;
ASAP224_ctrl_NP22-75_PFC_bulk;NA;1;NA;1;FASTQ;ASAP224_ctrl_NP22-75_PFC_bulk_R2.fastq.gz;Raw reads;cf7c02325c6f0bd594a225f95ec0c57b;raw;Reads;;;
ASAP225_PD_NP23-21_PUT_bulk;NA;1;NA;1;FASTQ;ASAP225_PD_NP23-21_PUT_bulk_R1.fastq.gz;Raw reads;9101ef78bc76c5bdf038fa1170e1e953;raw;Reads;;;
ASAP225_PD_NP23-21_PUT_bulk;NA;1;NA;1;FASTQ;ASAP225_PD_NP23-21_PUT_bulk_R2.fastq.gz;Raw reads;6f6a42dcd56c0b52b08e58edefebe27f;raw;Reads;;;
ASAP226_PD_NP16-285_PFC_bulk;NA;1;NA;1;FASTQ;ASAP226_PD_NP16-285_PFC_bulk_R1.fastq.gz;Raw reads;b43c6ca51b678239eb8689dec6ad558e;raw;Reads;;;
ASAP226_PD_NP16-285_PFC_bulk;NA;1;NA;1;FASTQ;ASAP226_PD_NP16-285_PFC_bulk_R2.fastq.gz;Raw reads;0aa29499f44d773369923b3b84ee72e3;raw;Reads;;;
ASAP227_PD_NP17-232_PFC_bulk;NA;1;NA;1;FASTQ;ASAP227_PD_NP17-232_PFC_bulk_R1.fastq.gz;Raw reads;666e4e72c707217db27326186e3623a0;raw;Reads;;;
ASAP227_PD_NP17-232_PFC_bulk;NA;1;NA;1;FASTQ;ASAP227_PD_NP17-232_PFC_bulk_R2.fastq.gz;Raw reads;313f1f581fd100c719d43dc416cc4070;raw;Reads;;;
ASAP228_PD_NP19-91_PFC_bulk;NA;1;NA;1;FASTQ;ASAP228_PD_NP19-91_PFC_bulk_R1.fastq.gz;Raw reads;40dba721ea9075ed3400dae0e2c6e1a4;raw;Reads;;;
ASAP228_PD_NP19-91_PFC_bulk;NA;1;NA;1;FASTQ;ASAP228_PD_NP19-91_PFC_bulk_R2.fastq.gz;Raw reads;2afb1371b41c34a6abd4f3e9fc3d222d;raw;Reads;;;
ASAP229_ctrl_NP19-137_PFC_bulk;NA;1;NA;1;FASTQ;ASAP229_ctrl_NP19-137_PFC_bulk_R1.fastq.gz;Raw reads;3ce678b74db812ddbb465861c78d5dbd;raw;Reads;;;
ASAP229_ctrl_NP19-137_PFC_bulk;NA;1;NA;1;FASTQ;ASAP229_ctrl_NP19-137_PFC_bulk_R2.fastq.gz;Raw reads;22961e4bfbe6a96cd7f42574297fb994;raw;Reads;;;
ASAP231_ctrl_NP23-21_PFC_bulk;NA;1;NA;1;FASTQ;ASAP231_ctrl_NP23-21_PFC_bulk_R1.fastq.gz;Raw reads;c8cdb3f6a8c147f0d862a3bcb3abde1d;raw;Reads;;;
ASAP231_ctrl_NP23-21_PFC_bulk;NA;1;NA;1;FASTQ;ASAP231_ctrl_NP23-21_PFC_bulk_R2.fastq.gz;Raw reads;36a64f508bdd65f44e9dc6a6a3d61a56;raw;Reads;;;